stage,candidate,experiment_count,encoding_drift_rate,start_drift_rate,recall_drift_rate,shared_support,item_support,learning_rate,primacy_scale,primacy_decay,choice_sensitivity,emotion_scale,lpp_main_scale,lpp_inter_scale,source_encoding_drift_rate,source_learning_rate,mixed_negative_delta,mixed_neutral_delta,pure_negative_delta,pure_neutral_delta,mixed_cross_category_margin,pure_cross_category_margin,mixed_negative_recalled,mixed_negative_forgotten,mixed_neutral_recalled,mixed_neutral_forgotten,pure_negative_recalled,pure_negative_forgotten,pure_neutral_recalled,pure_neutral_forgotten,score
boundary_search,0,3,0.7526938319206238,0.9999171495437622,0.14938905835151672,7.5664544105529785,61.35744857788086,0.26261141896247864,0.7354971766471863,0.8523863554000854,1.7813348770141602,1.7822833061218262,0.006866815034300089,0.0,0.09063605219125748,3.5453085899353027,-0.0008060436107609759,0.03272623443779976,0.06590551118393995,0.03690063274514516,0.39038054466149524,-0.029808555386568347,0.7808763669117501,0.7816824105225111,0.39049582225025486,0.3577695878124551,0.5536163923779417,0.48771088119400174,0.5175194365805701,0.48061880383542493,3.150271256823982
boundary_search,1,3,0.2098221248549535,0.4654280842886092,0.08858653195582292,23.08965213899006,1.5656850563745306,0.20552316125571252,0.062347133729695706,0.07846937446124082,4.337191867129804,1.574074016963772,0.046187109334490335,0.0,0.6683891331404253,0.9742439604418404,0.017530547945122987,0.022998137595622137,0.07654891371432887,0.06069643578590139,0.3756619268832238,-0.047588577297957346,0.7768279157186809,0.7592973677735579,0.38363544089033413,0.360637303294712,0.5593490136150074,0.48280009990067857,0.5303886771986359,0.4696922414127345,2.3164629523121456
boundary_search,2,3,0.6815850080365672,0.1821436746780276,0.02228824289040397,11.822280702089158,0.3549338917058878,0.04535721499123494,0.12471766689420846,0.5541245208761562,0.22945424927326,6.4600263942948555,0.19253775865293615,0.0,0.7677243711463627,0.1802385313804173,0.020806055516004562,0.011928551834180845,0.07010248776427219,0.04686154275642418,0.38185098558958425,-0.040178962076376945,0.7800608420450437,0.7592547865290391,0.37740380093945486,0.365475249105274,0.5564942570452235,0.4863917692809513,0.5265707313573282,0.47970918860090406,2.4910737078219354
boundary_search,3,3,0.9056748635791876,0.7334093329793048,0.7665797615168694,3.085251367539705,0.18116966007145144,0.8221444907096915,0.1360363332489918,0.43432407045336147,2.474017923797368,1.2794689849623995,0.1277988498740656,0.0,0.5843363814085853,0.2573459486850117,0.06516256918640506,0.027820622695511887,0.09470829568607242,0.08382923489338473,0.3547683546417638,-0.06946272403001785,0.8051013106382207,0.7399387414518156,0.3851703868100518,0.3573497641145399,0.5685394293089446,0.4738311336228722,0.5432938576528901,0.45946462275950534,1.5656623059288972
boundary_search,4,3,0.9610508733723134,0.9010808845567161,0.7389562356624385,44.26114152423513,12.759962861029843,0.6511671158815721,1.6627668620341454,14.967979744591801,2.7645636973555288,4.487550028252095,0.11708032966984926,0.0,0.45791431172058217,0.16225300267128143,0.022336232034783632,-0.009941992988675152,0.06016210055493404,0.06437080608386747,0.3825992040909018,-0.044217152226912415,0.7809059635588997,0.7585697315241161,0.36602853444453914,0.3759705274332143,0.5511723419614626,0.49101024140652855,0.535227393633441,0.4708565875495735,2.072180187017518
boundary_search,5,3,0.7835962010350519,0.8584348394225049,0.18195800507200705,1.242013264731024,5.320362169564737,0.2649679999158963,0.7426393191384236,0.1334663288195606,5.215735701195496,1.103828318341472,0.12156126939390571,0.0,0.4417468612166429,7.561717144007786,1.3301413555286432,1.169205469845206,1.300314214423691,1.3738143426170082,-1.017860456253402,-1.290488325255482,1.3791611649488147,0.049019809420171534,1.0668802656735734,-0.10232520417163246,1.2329857081272884,-0.06732850629640252,1.2231598189590793,-0.15065452365792895,151.16308608325235
boundary_search,6,3,0.935332387552848,0.10400913686964611,0.9643979096987249,0.43066642702046865,0.47290364696592735,0.9776896855818089,0.24760165302317508,19.728159407193235,12.854709744250084,2.2721656527748286,0.13038414506903315,0.0,0.8839952779550703,0.70187209050981,nan,nan,1.8181387361041024,1.5327416568210253,nan,-1.6001811800524592,nan,nan,nan,nan,1.5210598234675432,-0.2970789126365593,1.3031022674159,-0.22963938940512507,1000000.0
boundary_search,7,3,0.1723675336881472,0.7659534405677207,0.36052548922553096,82.0479852390453,0.9760735407854085,0.49768903231470674,2.937402157710692,0.9835212476355348,0.7569630854148999,4.9836223797083585,0.09263472178336188,0.0,0.8082491654694756,3.9628368248428294,0.038922850630785266,0.02600676860464246,0.10294970502390671,0.03605869875632617,0.36738128332715286,-0.04828809209069923,0.7909626149033245,0.7520397642725393,0.3846584809453864,0.35865171234074394,0.573403401398345,0.4704536963744383,0.5187417884651375,0.48268308970881135,2.9381504190113157
boundary_search,8,3,0.1281729415098563,0.1846088966215744,0.1431363279299514,2.365302070508686,0.10204815086526028,0.7072812241963649,0.13470123591700758,1.7357017033595807,1.4159984400446493,8.128084732023622,0.043167425081398585,0.0,0.6302716938022194,5.476633274365397,0.33731870583601686,0.13888104191344036,0.2150172144664746,0.12795245948884826,0.03914836294164781,-0.1492294738510329,0.8456830954865405,0.5083643896505237,0.46921602670887586,0.3303349847954355,0.6336948314779683,0.41867761701149375,0.5679070908625267,0.4399546313736784,2.8288049257109913
boundary_search,9,3,0.7729000653728486,0.6719999285835212,0.16763788929467116,56.89174048839288,62.04016771607022,0.9543535179310315,7.072975306863681,1.6287530516427982,17.887883658922966,5.501844190610215,0.1260164284626266,0.0,0.6461095118180703,2.043943050841616,0.5807328447699547,0.10195814380667323,0.5580952169961835,0.12448545687488816,-0.03510272792099339,-0.29963731226560314,0.981937009056932,0.40120416428697736,0.43630689220797075,0.3343487484012975,0.8211752600281647,0.2630800430319811,0.5627173552975843,0.4382318984226961,19.967263956349743
boundary_search,10,3,0.9460629354314493,0.6362076095387273,0.6148312179139462,27.52012932669144,0.17597599585577275,0.11217566231084548,14.816132906703174,0.3064613983948485,18.114160719899015,1.6411582832144558,0.07668452851490401,0.0,0.20203359974471102,0.37545206719205293,0.16799130060366885,0.008547062979471887,0.11332669687506397,0.09276573482508726,0.3167078403915328,-0.08412223319081885,0.859812882042637,0.6918215814389681,0.3751137410474353,0.3665666780679634,0.5784238432288954,0.4650971463538314,0.5492193795446503,0.456453644719563,0.8174876224127707
boundary_search,11,3,0.44932878570677093,0.12062062710728659,0.07168609712780359,0.1110393140290393,68.75936341639043,0.681762867443576,2.1440431197926997,2.9419968056865438,0.47314950044823484,6.844921779535503,0.10474569346918476,0.0,0.38019995315212435,0.28349243112241096,0.02975222990406967,0.03791288466584919,0.05189602213029404,0.003434469114596883,0.37908806776823967,-0.022847998948571646,0.7944409199500162,0.7646886900459465,0.38560062227770686,0.3476877376118577,0.5386093410810358,0.4867133189507417,0.5095613178993134,0.5061268487847165,4.037863436358958
boundary_search,12,3,0.9519068548768527,0.5369152031685109,0.04668162571314016,3.2500072557712736,3.581528153886732,0.6266098290450556,0.36428660004451346,0.1420878602320824,0.8579148606193129,7.352420400139627,0.1486475774633889,0.0,0.3335671123525394,4.898617658702367,0.5199717244402946,0.2529464345425368,0.4179543640072408,0.2605072036875706,-0.13392575088839392,-0.307152906040612,0.9279660068844494,0.40799428244415475,0.5419200333325487,0.2889735987900119,0.742870910485324,0.32491654647808327,0.6320694525186953,0.3715622488311247,7.947819449025752
boundary_search,13,3,0.5746659494390035,0.3082159686289742,0.1575291627504651,31.663723548323556,14.725917537755226,0.8791609115969212,0.05219182306728631,8.591773336586792,8.041363193447408,2.787006521478354,0.13956521243386147,0.0,0.4055880831240826,0.13445915399345376,0.055809079326297084,0.00202042874144881,0.07080795145348506,0.0704116152207318,0.3731504350312447,-0.05267786808115871,0.8021790964626953,0.7463700171363982,0.3732195821051535,0.3711991533637047,0.5512643899572524,0.4804564385037673,0.533134306584926,0.4627226913641942,1.7364708297841267
boundary_search,14,3,0.9263286460448316,0.012805583416225133,0.590801402493472,1.9939023631654182,11.785803223369763,0.7522035020898205,2.4838127595763533,0.085556369873016,3.6230615230159033,2.1049830847073285,0.15106887981861442,0.0,0.34826334082656385,0.5875259570234412,0.6288560291654186,0.32305108236246993,0.5546496131972066,0.3631638734552421,-0.14185813441872602,-0.41696630238163235,1.049511439510082,0.4206554103446634,0.5625135447633894,0.2394624624009195,0.8203614262226773,0.26571181302547064,0.682678115407103,0.3195142419518609,12.162136964855437
boundary_search,15,3,0.32446871836368774,0.8319196611526081,0.5929442837790876,0.567777810515583,0.74490240232092,0.7225984250149328,1.2186799071777725,4.356718927867415,6.460291384009254,2.1657491606012957,0.05396834873499645,0.0,0.12054816576954105,0.39638498103342784,0.329310217872262,0.11371389090230588,0.2809341111293945,0.1908306007481817,0.12853826584882644,-0.20475728920121727,0.8995410110801458,0.5702307932078838,0.4416925273590574,0.3279786364567515,0.6676940299006865,0.386759918771292,0.5915172079725093,0.4006866072243276,1.4559999273672624
boundary_search,16,3,0.2753612830723127,0.9370253658388502,0.5478109228631282,0.2949730144274134,0.267586363837354,0.22622291734496885,0.10904795508581268,1.0187925682621715,3.2431022973677406,2.443838246582084,0.021446184146564757,0.0,0.6031469350442108,1.4345863096063893,0.15485216030164772,0.09581374115996849,0.1713751439023518,0.13817272803403047,0.2301213902078177,-0.13479944246232906,0.8187053229071592,0.6638531626055115,0.43373177239769384,0.33791803123772535,0.6056006906376417,0.43422554673528985,0.5690249891976189,0.43085226116358843,1.0959890145134878
boundary_search,17,3,0.8167404949602464,0.9693246945404427,0.9463368454210602,0.25530841591493597,16.16524930269496,0.7974999548238753,0.27728102080045425,0.6631923037725548,0.5108003894471671,2.6217271250300294,0.003957767041291397,0.0,0.8947043726338317,6.4894152161448275,-0.0033423128096681243,0.02490486075495074,0.0815498858298126,0.03426319071532857,0.37956476792399035,-0.031181494803412924,0.7685913212205234,0.7719336340301916,0.3890265532965331,0.36412169254158233,0.5630577973237163,0.4815079114939037,0.5126894062973166,0.47842621558198806,3.1671130181568476
boundary_search,18,3,0.04591305185400751,0.2665701973944612,0.42895272916819627,4.460721420725897,3.1456888482679295,0.09468772660262026,0.19150662280552622,0.1872896677134907,1.7734771740277335,5.42252758584274,0.051281436382156244,0.0,0.7130364058396852,1.1229406880183062,0.09657897800207138,0.05884130948566291,0.17163804612171496,0.0788269352265879,0.31480350107640814,-0.1027826985442325,0.8175816426151677,0.7210026646130964,0.4061991635366882,0.3473578540510253,0.6108656436155894,0.4392275974938744,0.5420102960381069,0.463183360811519,2.3842752899579978
boundary_search,19,3,0.01382106380735792,0.3849836257592023,0.8529570643352098,1.630004572260421,10.587547278392913,0.4864966925286552,0.9669892064543587,16.38427484308347,1.28308691724242,2.0358719425826406,0.08653637175129669,0.0,0.9363185213516907,5.172243956831049,0.2799069028543799,0.234705981749453,0.3076407509139053,0.32152173049306787,0.11329342797398567,-0.29070865531991186,0.9058109547354674,0.6259040518810874,0.5126106239071018,0.27790464215764876,0.6796435542913203,0.372002803377415,0.6627114586973268,0.34118972820425897,3.5890632852620383
boundary_search,20,3,0.11080524140694914,0.6752579355066636,0.41161095493987454,8.08473689650191,0.11509028339976816,0.9057794374868559,1.9573407170318329,2.2495406836043728,0.30304498131308777,2.374147227218525,0.17805543528170892,0.0,0.07323747513763615,1.8839708628566845,0.05055029317736626,0.05173740511466013,0.11193887347747616,0.05836495461775676,0.3475314369915347,-0.061137164673326805,0.7974032244007838,0.7468529312234176,0.39932149423188285,0.3475840891172227,0.5802509686419446,0.4683120951644684,0.5294492598377952,0.47108430522003847,2.5327673761987515
boundary_search,21,3,0.638721496665676,0.9557689222236644,0.26478198446037443,0.543888626879587,5.632010627603794,0.9215315699365955,1.1841213040398368,5.718274753227533,0.13090283694010854,5.733437574225643,0.05850015261929533,0.0,0.3441774749353752,3.2077438063247112,0.03233244999213836,0.04168746779721816,0.11019329960752083,0.04321809240469804,0.36244280187805233,-0.05285947010117137,0.7892181856043049,0.7568857356121665,0.3944429337341142,0.35275546593689605,0.5785230228456816,0.46832972323816074,0.5211891933393321,0.4779711009346341,3.002475481688287
boundary_search,22,3,0.7638289460053714,0.7119805252033352,0.23148416791804177,5.186668522961861,56.482223064745945,0.8537214413052554,0.42840077685118144,7.571457291990617,0.22132495227412452,4.997083099136823,0.15293145658221224,0.0,0.3039714819700867,0.3492291255964995,-0.009630564122313778,0.022073957444119607,0.07056264311540866,0.027558108497607037,0.3796607638513179,-0.02586502956814668,0.7622397654616323,0.7718703295839461,0.3825790016103144,0.3605050441661948,0.5568599057273547,0.486297262611946,0.5121622921800927,0.48460418368248565,3.3539380527357627
boundary_search,23,3,0.4436887315088593,0.2049860692938058,0.6670472609530886,5.5718962580923534,0.3154980742210299,0.7801036304208442,0.7231111237850085,3.7287838046144124,1.0884049377371376,3.336502828303112,0.025577823943568473,0.0,0.8402224416168714,4.2966375121669245,0.05938390034594032,0.02581905203528312,0.12457984210433148,0.05029364824785221,0.35399116860016394,-0.06614959450732727,0.7991788393180621,0.7397949389721218,0.38580377037195784,0.3599847183366747,0.5855967530147418,0.4610169109104103,0.5271665054177376,0.47687285716988537,2.5359951513795465
boundary_search,24,3,0.24653143276464862,0.24408267873139067,0.7024359320625696,19.325908102298225,0.6522892679745091,0.6976406782638501,4.742769647414722,0.05407105112581293,1.009757519856368,7.7391102754848,0.1151663364377822,0.0,0.6405786844064788,1.1950013208835604,0.14375355516217259,0.05111119992982005,0.21560733178998098,0.07886889694552673,0.2947517056998453,-0.12300969268146317,0.8426622802293614,0.6989087250671888,0.4041570193673435,0.35304581943752344,0.6321171034115219,0.41650977162154096,0.5395194643030041,0.4606505673574774,3.081436310459241
boundary_search,25,3,0.21863788624549102,0.8728198324477736,0.4655597330513478,21.153023169762594,49.04588198347792,0.07904809801069622,0.6648142611006596,0.07493098677618498,9.158923814305878,1.9861851963181871,0.2048270799265894,0.0,0.4253910917935912,0.4765093116388397,0.10651751088076511,0.077081035926791,0.20640467014163727,0.13437225743147885,0.3042848988583214,-0.1442803483407356,0.8281462552320016,0.7216287443512365,0.4173438454929151,0.3402628095661241,0.6306458519967763,0.424241181855139,0.5685215301958746,0.43414927276439574,1.4112720468054465
boundary_search,26,3,0.8879188689439762,0.8469000981175154,0.23919500508182714,2.165652198659031,0.4383477204175217,0.05995081781596487,0.2162451578867074,10.089717383741409,11.82479051452912,2.8490484514035788,0.21231994992404912,0.0,0.7394387386644385,1.5198794565596738,2.29197898997288,1.2353977565500445,1.9428666359499882,1.7085902729120694,-2.6339566110094124,-1.7742929348820136,0.9878106887795424,-1.3041683011933376,1.329788309816075,0.09439055326603059,1.59237907121056,-0.35048756473942805,1.4238053701425855,-0.28478490276948404,319.44851126822
boundary_search,27,3,0.6991328244621057,0.17125847436139424,0.8915881853013571,39.78178471024904,0.22459174404018736,0.9637418530625419,0.5204844765814894,3.1264250589813125,4.169940187699673,1.4374227563568653,0.05159685972801163,0.0,0.31958917446373647,0.31311364959245586,0.04342684929112073,0.009691216443714346,-0.009124347572459945,0.0003923319378181245,0.38248540461063385,0.010779553999830271,0.801260587759316,0.7578337384681952,0.3753483338575614,0.36565711741384704,0.5090337667467171,0.518158114319177,0.4982542127468868,0.4978618808090687,3.8999930175802175
boundary_search,28,3,0.6546834269221724,0.29293773617936775,0.9787731861309125,1.1819992416023488,6.081543868161203,0.6086390305765114,2.0016360787273704,1.248677168286671,0.32592992756995404,6.211756907312611,0.13566670506218032,0.0,0.9449052760638943,0.22788994559614426,0.026388061747543046,0.017390801620326524,0.13169449925618743,0.034913412099214,0.3749633098119184,-0.05575391296052229,0.7832019949380896,0.7568139331905466,0.3818506233786282,0.36445982175830166,0.5907964219682311,0.4591019227120437,0.514855835672566,0.479942423573352,3.314686738711064
boundary_search,29,3,0.6296860568429982,0.43726751615663917,0.6370753986981965,0.6646827674913874,0.16485635522693237,0.5391727222450312,0.10491833963567028,0.37746904694588607,0.17143277685396077,5.159346221666836,0.10197720464880984,0.0,0.9151925083205105,0.45110942302995405,0.025583934038877487,0.023301939357464274,0.09063843586237019,0.057389110547343414,0.376160424423257,-0.05188719234674388,0.7848589234054089,0.7592749893665314,0.3831145649432744,0.3598126255858101,0.5673904390515465,0.4767520031891763,0.5286391955359202,0.4712500849885768,2.320944281846671
boundary_search,30,3,0.7444503830406792,0.6922228844304888,0.5524407050889597,36.47184921998224,0.753013570527672,0.55721531763884,0.05520084684721539,0.0608441860497704,0.6975392072317401,2.073537467109659,0.15441951205580987,0.0,0.30610334651869997,0.14476084023177707,0.032399405578249385,0.003279191049698149,0.05716308549745003,0.039024650266296035,0.38437532839414323,-0.031503985121258016,0.7884887770602578,0.7560893714820084,0.37171404308786515,0.368434852038167,0.5483850687527784,0.49122198325532834,0.5227259683765864,0.4837013181102903,2.5285689927146953
boundary_search,31,3,0.41517231419727696,0.12587310788878947,0.8361762915241377,0.37671674420257334,8.342890514571792,0.5784248852376738,1.3255956524638621,1.9416459673512088,2.95190969783698,3.8961189194257955,0.0978809906205178,0.0,0.01319177414744985,7.068916150047804,nan,nan,0.7832157170510311,0.6927550248801708,nan,-0.6856123473017329,nan,nan,nan,nan,0.9439442053339199,0.16072848828288874,0.8463408355846217,0.15358581070445085,1000000.0
boundary_search,32,3,0.5457317186499725,0.5714873241589982,0.5034539475114354,13.585859541083984,82.9457886741396,0.16574930069642538,6.639355554057281,11.38092708522176,0.5744010367999784,1.2702009997940682,0.0672051727519018,0.0,0.1604684464776971,1.0937827179711082,-0.010931787914351454,0.02444341110286158,0.06216624948980387,0.03548357217866732,0.3812711439830692,-0.02893601525820011,0.7663510292768478,0.7772828171911993,0.3850798852937786,0.36063647419091704,0.5513571625281322,0.4891909130383283,0.5181269282965284,0.4826433561178611,3.170372809418675
boundary_search,33,3,0.09308356835967549,0.7950920937180719,0.051329021451508625,0.9361568142448241,7.980404043834562,0.015371414912991068,0.1554352888695069,0.40478828141641415,9.885086235718038,3.1089631307916625,0.17147414950529552,0.0,0.5616705897305203,3.480941764888125,nan,nan,1.9843566758852256,1.9912535625411885,nan,-1.9364649088759172,nan,nan,nan,nan,1.61456568970492,-0.3697909861803055,1.5666739226956117,-0.42457963984557673,1000000.0
boundary_search,34,3,0.4372551926901978,0.6291089706118359,0.3546348832229869,1.0414625221087057,35.6494561700241,0.4568529316426364,8.657325350755556,0.266594193427122,0.12274499415360192,7.0966004430932585,0.05668919347959561,0.0,0.9270210141880153,7.996619432587827,0.030991867772842685,0.016586196571312828,0.03850686133496073,0.06382207984202792,0.37030104665379776,-0.03512583153420379,0.7841116301715374,0.7531197623986947,0.38281871574489695,0.3662325191735841,0.5348446423579988,0.49633778102303805,0.5314636125572418,0.4676415327152139,2.352398427718079
boundary_search,35,3,0.6196630681047348,0.7505822440152804,0.956466393832384,0.2058868082027485,26.614543458631715,0.10971614770062842,17.47937819903464,0.8568044908698548,0.8073964279641431,2.925273251867025,0.1594268848929804,0.0,0.6870379016343737,0.17492450102809448,0.15988159995820173,0.0738423353943386,0.16111172853331812,0.10685174884029519,0.2855402368218883,-0.12122092588412525,0.8626350399694944,0.7027534400112927,0.4172132031894044,0.3433708677950658,0.5976790775986094,0.43656734906529127,0.5577882749494165,0.4509365261091213,1.3442259146466868
boundary_search,36,3,0.6727812952847594,0.36156490076896064,0.4901159326054211,2.6729049035781633,18.29298011637385,0.5254954277507015,0.23351622478201134,2.421162773399853,4.8568710841315434,3.076077429429381,0.09494466790856938,0.0,0.09578393707507785,1.2489705617512197,0.3774147058199896,0.1987235551258843,0.43164445364259574,0.12689237540440734,0.05822303423069808,-0.2356030506106388,0.9279834456545742,0.5505687398345847,0.4923457056038866,0.2936221504780023,0.7497476025386468,0.31810314889605107,0.5537061995066899,0.4268138241022825,13.819940503177811
boundary_search,37,3,0.603458395231279,0.8918850031979506,0.4281952515835433,65.977484195388,3.259082553755354,0.4279402152431318,4.427876337426703,0.1797898329308624,0.10177542592773052,1.3521574301084913,0.013802822418055543,0.0,0.39781516343961176,4.773945966203609,0.019809322529717455,0.0195711586428316,0.060887750973434795,0.0381452819381497,0.3800866402391541,-0.029193389646120727,0.780193702954995,0.7603843804252776,0.38029774018612345,0.36072658154329185,0.5509634576247711,0.49007570665133626,0.519269096297457,0.4811238143593073,2.8059334170633417
boundary_search,38,3,0.40424597058394046,0.41361060789295767,0.6791425161891541,7.490148813309244,0.14860853940257845,0.40623338930682573,1.4454299693034904,0.10384274151885407,11.37801539358966,9.3723843281534,0.007797980087096645,0.0,0.5349546139099712,0.12366971217739336,-0.012877600169495573,0.025555319397857323,0.07235411816815801,0.00990524191231662,0.38645949541885205,-0.027041919636662637,0.771953512375292,0.7848311125447875,0.3854940169564399,0.3599386975585826,0.5507585478358363,0.4784044296676783,0.505446349304341,0.49554110739202434,4.025950794364713
boundary_search,39,3,0.9797786297029464,0.5595142429809989,0.7299956026000742,0.19210699464821776,6.656877920041101,0.9125987254841661,0.11351508635321729,5.308100657290947,0.21585986607470214,9.857610003893,0.1629512377326886,0.0,0.6544386511197098,4.1402552144912415,0.10940332416641085,0.1580036359128395,0.16311545434751,0.1495273609547631,0.2553108912451487,-0.1362929132423903,0.8297983119754415,0.7203949878090307,0.46508409656388194,0.30708046065104244,0.6057724815450216,0.4426570271975116,0.5789499404399019,0.4294225794851388,2.7151301043178226
boundary_search,40,3,0.23277319111149944,0.16232282619465085,0.8013311875486165,16.513024221209847,4.413719812371933,0.22257637684215792,0.06974791284833767,2.0422598550945716,13.572131029126886,7.5732552790947025,0.004602868549305563,0.0,0.037672203722900074,9.194240539766552,nan,nan,0.17459557683966853,0.03503289262421033,nan,-0.0851307229482029,nan,nan,nan,nan,0.6072859411728323,0.43269036433316377,0.5178210872813667,0.48278819465715633,1000000.0
boundary_search,41,3,0.5176798683300594,0.030914470301195623,0.12208971778370732,2.9212940120900672,25.380249152445536,0.18635134329930003,3.2445122537172146,0.057944547015378135,3.2247351813265763,6.746974981860841,0.0625866090559841,0.0,0.5146607713945559,0.41182266567110903,0.28318577887196295,0.125104597641774,0.2748712091767964,0.05539345305020871,0.1442498373553941,-0.13698298621334526,0.8791499730003508,0.5959641941283879,0.45171435677299376,0.32660975913121976,0.6634212276273358,0.3885500184505394,0.5255330046638846,0.47013955161367593,8.049361029102943
boundary_search,42,3,0.1793930335931101,0.8161248827531508,0.3442275851269809,0.6153546791618016,27.949151974408164,0.08674365679135988,3.500049244555198,2.812211443436985,7.7059305735087715,3.7211025387380308,0.10758109828262101,0.0,0.6183334503142996,0.11040734373500369,0.29167138633171197,0.06987811103585712,0.23997558758741144,0.07921896324689054,0.21713387458217576,-0.12497502975901098,0.9237703361401433,0.6320989498084313,0.41496507522625553,0.3450869641903984,0.6458360490046049,0.40586046141719345,0.5308354911762044,0.4516165279293139,3.867817776937703
boundary_search,43,3,0.46468871291380165,0.5828984735441852,0.7211743133470168,1.352086899594706,0.38268538329475255,0.6719589153873232,17.945536165701952,6.054394704653512,1.5966454973973976,3.9280825804778035,0.14262362491743089,0.0,0.13029163153580278,2.0743640438332926,0.5128764973610247,0.1930709626452115,0.44139559363554176,0.272940897039677,-0.026227148617372686,-0.316721644620166,0.9734148277263892,0.4605383303653645,0.4867654789827372,0.2936945163375257,0.7592767814762498,0.317881187840708,0.634602832460874,0.361661935421197,5.120412925606472
boundary_search,44,3,0.8054565261030883,0.5613141853518192,0.06407338398948612,1.8716912894629065,1.4369821271887437,0.02379246911520056,0.30818816282714667,0.3461250130797423,1.9581649568592006,6.584456956966441,0.08345863087877256,0.0,0.2669797642568194,0.42332943967169034,0.25087632596688836,0.09569468025706312,0.2516411319742665,0.07855265053283222,0.20267204856990195,-0.13745504047868673,0.8817675684235597,0.6308912424566714,0.42821919388676943,0.3325245136297063,0.6527952160196084,0.4011540840453419,0.5386091245240286,0.4600564739911964,4.815119448479627
boundary_search,45,3,0.14189656243552579,0.5510310046504695,0.2755368276504462,10.037104226964649,1.3744920671683922,0.5156218773165053,13.289362086509557,12.452453169596494,15.56459261262715,8.415927461595391,0.17880606085446207,0.0,0.20814620203991754,0.511537518182167,1.1463355410255884,0.10428813097410294,1.0222650517366434,0.21669876243379949,-0.5154899996705353,-0.559948087914994,1.0676139009822356,-0.07872164004335278,0.4367683596271825,0.3324802286530796,1.0777362632124048,0.05547121147576131,0.6154192993907552,0.39872053695695575,71.89447150669005
boundary_search,46,3,0.1838427626825882,0.6958936154190402,0.9220457096401341,92.01347487753509,14.036786462178416,0.06384169506267691,0.2685839142704354,13.054049846850777,0.13925384957944661,5.254581366018283,0.0998219946682533,0.0,0.02191847651887636,1.786052237705667,0.020498653971835146,0.024938392379370178,0.06856280888773891,0.03785750517425568,0.3765555642741291,-0.031433084366941144,0.7812089290665952,0.7607102750947601,0.38415471082063096,0.3592163184412608,0.5553129696728367,0.4867501607850978,0.518183245152039,0.4803257399777833,2.861326643743665
boundary_search,47,3,0.6870602795711819,0.05065723011155454,0.8200881692709928,0.40521497414384516,1.0103317932233054,0.8280251351293649,14.176579274393122,8.909786773357563,0.1846304532515429,3.762773697555256,0.20849485612897867,0.0,0.4839381230404284,0.7275890719174032,0.06935043083994008,0.05941574048177389,0.1756835317141131,0.0997287318367805,0.33663441526924115,-0.1085214091673199,0.8084445252622429,0.7390940944223028,0.40245967915306163,0.34304393867128774,0.6160780162991661,0.44039448458505304,0.5489158937523729,0.44918716191559244,1.908789266749407
boundary_search,48,3,0.5038177015245529,0.07687340434757409,0.5239616530530699,62.53809098402631,1.097193351412891,0.4777958964188113,4.042383163902085,0.15377627266146088,0.4050911095529875,2.7106895785092107,0.11864995512846731,0.0,0.054280800273579774,0.7600102549961045,0.02708503211799418,0.020966995838343327,0.06670809968828073,0.03527192715065258,0.37539051848120597,-0.030533660056167533,0.7845428033094657,0.7574577711914715,0.38206725271026554,0.3611002568719222,0.5538934519986229,0.4871853523103422,0.5177190123665097,0.48244708521585716,2.8347946339828036
boundary_search,49,3,0.48292791692659903,0.6056509058713039,0.746505741112307,2.516525972397291,31.049763251293015,0.5944545851390436,19.846176008338016,12.037076021253474,7.027321855985084,3.4556129067723824,0.18254783241081118,0.0,0.41175337368967285,2.3633361648525417,1.3516718318293754,0.4488828565533224,1.1414007262179726,0.5751098659759584,-0.9407880041552217,-0.7882862525048518,1.0983531351544356,-0.25331869667493984,0.6874693074802819,0.23858645092695951,1.145960133522749,0.004559407304776342,0.7928456598096282,0.21773579383366987,70.13145688723662
boundary_search,50,3,0.8521947565012254,0.49012347018122837,0.8110290493906043,0.31774411894395055,23.541426842369553,0.3587444710959608,0.8730861843596418,14.345754147668591,1.4079624026310127,9.693470674691701,0.2023595767097781,0.0,0.761581006169621,2.5405786969542605,nan,nan,0.8533960026382518,0.6069683840890464,nan,-0.6657470250931128,nan,nan,nan,nan,0.9850230848318652,0.13162708219361344,0.7973741072867262,0.19040572319767976,1000000.0
boundary_search,51,3,0.38207028662902043,0.742074238670738,0.03073845608424952,8.956530953067082,2.1648801763838748,0.37348250567871405,0.09360347165008147,4.926679144652456,6.9036367672299965,2.5964756389336356,0.012400859638292532,0.0,0.4664350841318322,8.37599082119324,0.14006981949665043,0.09955107001587749,0.14281397138869295,0.11370188294983419,0.22327460230965362,-0.10532560695183318,0.801462460407301,0.6613926409106505,0.4381180386009969,0.3385669685851194,0.5927864224895051,0.44997245110081213,0.5552980580526453,0.44159617510281113,1.6117990030467761
boundary_search,52,3,0.02897706903397277,0.1373033073474795,0.8574213523946349,48.95366196901641,0.49434539467675825,0.2515195042706175,0.059154658859763364,0.23676741519132838,0.24795295902419456,1.8259433530506217,0.11147359574732117,0.0,0.6982938862096669,0.8464950083146172,0.02006581406060015,0.026474475443951373,0.06884306404543544,0.04303234546004153,0.3756120580395586,-0.03433436821950103,0.7808374219426983,0.7607716078820982,0.3851595498425396,0.3586850743985882,0.5555575922327606,0.48671452818732514,0.5210488964068262,0.47801655094678464,2.7499730823771955
boundary_search,53,3,0.47573188358513585,0.5159956523071495,0.10133027210766579,0.28411139515640177,0.32727337696322245,0.24163734096995734,0.2997764264176362,0.7668149354117557,0.1540991312947648,1.1665916001988417,0.03381124040719018,0.0,0.9717701233040791,0.1899056871730957,0.002069303667859068,0.03430563549658183,0.0699848693911918,0.02767334648064873,0.38037232069396654,-0.02857259977118748,0.7725162229647762,0.7704469192969171,0.3900745986029506,0.35576896310636874,0.5543674078837381,0.48438253849254626,0.5129551382637337,0.485281791783085,3.417936331989588
boundary_search,54,3,0.49158195540137806,0.3895535840420483,0.5102109275323097,3.411568883550095,4.761202666099289,0.3888372357404693,0.6118446646448265,0.1179088115776911,0.4474995029285642,1.4772805440259655,0.19948030159976324,0.0,0.9657393532007787,0.6233064991503574,0.021570631547978114,0.025210250904293463,0.09430235938022008,0.06362880543364502,0.374297749643263,-0.05671795354665893,0.7808702693958032,0.7592996378478251,0.38500188820456205,0.3597916373002686,0.5690731043976388,0.4747707450174187,0.5314886985640777,0.46785989313043264,2.2265456159843944
boundary_search,55,3,0.16133122289876123,0.5964292896445091,0.9345916148293865,0.5125231604459318,95.07051754682118,0.039751899340400555,3.328991507736809,0.0694498777796164,2.6187670999029065,1.793251387036132,0.04763679200291686,0.0,0.9509236852402657,6.0037957229621775,0.17702169069334084,0.26661291745442306,0.3748180597138248,0.33684355726367554,0.11649511117292077,-0.32249480378078793,0.8318897866104779,0.654868095917137,0.5383729847442162,0.2717600672897932,0.7215954613332686,0.34677740161944376,0.6692722054002317,0.33242864813655615,5.204341925857497
boundary_search,56,3,0.037297915116230505,0.2617060292260417,0.566239638916544,1.1125728040765628,0.20924485299095966,0.8751081982898289,0.07487935977661452,0.9216674060714062,0.6890585548668,3.5819519666853354,0.08942107239397927,0.0,0.9877255721678049,2.4489838291470343,0.11733356505436332,0.13539912919268798,0.23085095828987262,0.17230534031497013,0.2622552062139699,-0.17481181523027384,0.8277862900868058,0.7104527250324425,0.4481975188184726,0.3127983896257846,0.6449476537343702,0.4140966954444976,0.5889085106747715,0.4166031703598013,1.9412946060808647
boundary_search,57,3,0.7101442389969433,0.09554214608993813,0.3989483982990867,11.129930928354888,4.098343232498625,0.585649485883932,0.5920161890295974,1.7961179853355718,3.5660680432046368,1.5792384262635222,0.0017017501275879401,0.0,0.29237963318804944,2.182278391353818,0.015176326624656955,-0.006610264879112149,0.04515976252916615,0.07268629399569404,0.38586705852005826,-0.043012280311239326,0.7758110728310911,0.7606347462064341,0.3681574228072637,0.37476768768637586,0.5420544537666597,0.4968946912374936,0.5399069715487329,0.46722067755303887,2.126536471060523
boundary_search,58,3,0.5260504542085115,0.6213313356436451,0.632077215891431,0.1865907014535719,2.034516163143294,0.13191366450030986,0.17334763045616053,1.1441288968151226,0.29822922665905327,4.791990810124142,0.027705324628526512,0.0,0.2609681659960026,3.6911857228118032,0.028069908191499016,0.07110673550663416,0.06932617851385947,0.02972038100032426,0.35523712983060823,-0.03479759966170315,0.7934880673297142,0.7654181591382152,0.41018102930760697,0.3390742938009728,0.5566053290018126,0.4872791504879531,0.5220767501496563,0.492356369149332,3.769172558099638
boundary_search,59,3,0.7496435633834807,0.06738520381744709,0.9857895564575277,1.6924586425368768,2.3738059253642705,0.7443654260406701,12.396452610949192,0.12245772429094962,0.6462660233579319,4.699602688303778,0.06950631880069376,0.0,0.5940988742065249,8.732237167610235,0.14129207685197653,0.11774600925855339,0.20851397499638163,0.146139603978219,0.23672087440316225,-0.15268767187616933,0.8271927276724264,0.6859006508204498,0.44917977641728757,0.3314337671587342,0.6285100878265343,0.41999611283015265,0.572683784706322,0.42654418072810296,1.7668602306415533
boundary_search,60,3,0.3278478420985606,0.3712359344225019,0.13693355686798409,7.873365936446214,2.86353719666764,0.29456367919834914,0.46897824077222694,0.4672014801451718,0.11627503842042224,9.108032274927371,0.1378437091798172,0.0,0.3655155464705689,3.0174511053287794,0.04019757830782933,0.02947152798113073,0.08539640374089541,0.044477500903763234,0.3637074557574172,-0.04328204983061079,0.7914990520006732,0.7513014736928438,0.38759401793542664,0.3581224899542959,0.5632604933343828,0.47786408959348736,0.5211461394240982,0.4766686385203349,2.6146676858363285
boundary_search,61,3,0.2402462590265167,0.1965818268458131,0.839367804351056,26.998124890868926,0.14012605556630953,0.9372170937142916,2.306336243047332,0.3444742495323907,0.10862877509005014,4.063298119947848,0.0651092309021382,0.0,0.8270861290748978,0.15263019455100665,0.014541084436993867,0.023209917089460685,0.06780640349576345,0.03316370718867373,0.3789718046196197,-0.029075966878352955,0.7764828197265926,0.7619417352895987,0.38296993066997903,0.35976001358051835,0.5549628205205265,0.48715641702476303,0.516232383903116,0.48306867671444226,3.011489706884923
boundary_search,62,3,0.07152772624097206,0.2796898716110028,0.6434199958181663,0.2262045860878445,0.5491123429892819,0.7650445659541442,5.857244646913877,0.5980731248269877,5.828873367533974,7.281756879225274,0.18403180937967814,0.0,0.3727829039195568,0.33923560834470023,nan,nan,1.0275048302535557,0.49466522934993623,nan,-0.697531751111934,nan,nan,nan,nan,1.0757702964259999,0.04826546617244419,0.7457972172843782,0.25113198793444197,1000000.0
boundary_search,63,3,0.09057263927286005,0.7555910782213081,0.5324402979848004,17.357739185485205,3.725128651279443,0.4363061992340801,9.571063107367122,0.15250410697945066,0.263671601765695,4.562252222546151,0.18758169032380537,0.0,0.8221614955633756,0.11860911586361299,0.027269077536306918,0.011751316086462626,0.07314406546126861,0.04729872668394819,0.38204676053780867,-0.04265380690891396,0.7851906689374071,0.7579215914011002,0.3758748308632915,0.36412351477682886,0.5572624595247602,0.48411839406349155,0.5267722009724055,0.4794734742884573,2.427991192949764
boundary_search,64,3,0.582516471084671,0.452982536102456,0.26671905967663195,5.814469153695691,70.00270589601747,0.7253046254425675,0.3932149647301733,18.416473595103962,0.37839142405132287,1.4080796974900207,0.1643077927243918,0.0,0.850266791831154,0.10005577856910311,0.0026943154240909317,0.021797244191954,0.06531379563047696,0.02407071214340828,0.38705026828928996,-0.027828803433007365,0.7722757246933485,0.7695814092692576,0.3825311409799676,0.3607338967880136,0.5512966626372776,0.48598286700680066,0.513811670439808,0.48974095829639974,3.345864830907432
boundary_search,65,3,0.8704966526595973,0.2328282408376754,0.4773602130280819,14.358910923029944,0.8512312067685281,0.7915679496375192,0.3442988878239651,0.06593648955585009,0.5458919204751927,3.2389203045061605,0.07189153918941049,0.0,0.7212808056234301,1.5679322822526969,0.02192342202914388,0.01946038674367101,0.0758531825911058,0.05120193683787394,0.376780504409812,-0.043754000069671506,0.7802049882317844,0.7582815662026405,0.38150106179282856,0.36204067504915755,0.5588006140468152,0.48294743145570945,0.526701431525381,0.475499494687507,2.4534618607764234
boundary_search,66,3,0.7229863248466599,0.2187642992331447,0.31931764065336177,0.13713845403475106,9.474515007280372,0.8659156941107713,3.723878001422563,0.8089910676031201,5.3334878801995025,2.366386637633439,0.16646643762948812,0.0,0.04229721054797108,0.13303928230002784,0.20580400546130384,0.1481640408501813,0.22466182399933282,0.08412688843121652,0.23618873843531074,-0.12215573534271434,0.8824771392698351,0.6766731338085312,0.4404843953732205,0.29232035452303917,0.6306899473022082,0.40602812330287535,0.5281838586455897,0.4440569702143732,5.341626288359277
boundary_search,67,3,0.12219730394337255,0.6469805036161047,0.7924021511978117,99.60305329115914,16.920598152503654,0.15427950962890233,1.05336041365284,0.6416528538289501,1.5298665589076204,3.248281345135764,0.1729558872940736,0.0,0.795552454629757,0.606309625427515,0.01058461144566536,0.02453636490788902,0.06843121548023962,0.04506256870043124,0.38356727263645124,-0.03652407351489134,0.7774226145916864,0.766838003146021,0.3832707305095698,0.35873436560168076,0.5544264161634553,0.4859952006832157,0.5225192741981071,0.4774567054976758,2.7496666747950425
boundary_search,68,3,0.36479679272499715,0.24705911164554872,0.6579944389815123,0.13070611504922816,0.8765996965500901,0.8146595362877695,2.7083805932520146,6.994465912333318,6.140811201281666,1.5318954452458124,0.1879730639360775,0.0,0.5599596223676196,1.311159688727835,1.6110609856091047,1.2396940995301855,1.4726342429455959,1.4938948978424857,-1.4942177720858079,-1.4284711291915493,1.3019117961000455,-0.30914918950905923,1.1850685825767486,-0.05462551695343695,1.3278851562032574,-0.14474908674233838,1.2837220424492108,-0.21017285539327482,197.35437380612075
boundary_search,69,3,0.8103151550079372,0.4474588187336539,0.3948868814532334,70.19211842934762,8.73704935359072,0.3479246698004065,1.4693934627989462,1.371810062728095,0.19829749769823227,8.962730110546557,0.017104157096194242,0.0,0.6831713158942249,2.9465209577366074,0.02874712587187167,0.012094733868970642,0.05876279152059738,0.04215287517658184,0.3781474861316383,-0.031104285245467156,0.7848624177277088,0.7561152918558371,0.37796780572419886,0.3658730718552282,0.549814600108412,0.4910518085878146,0.5221560938332818,0.4800032186566999,2.571805854199353
boundary_search,70,3,0.05408255852611477,0.42443861197388877,0.2924398813787602,47.41863534623926,1.3253387470351905,0.6410716290121721,5.183995381382449,0.2193055090053531,10.741321173157116,1.7184470315376204,0.07852020112898173,0.0,0.18517171010578962,7.334256366783196,0.41704446263611317,0.3491865211705628,0.4201686881439711,0.34532297311938914,-0.08028419555998156,-0.3543625265408896,0.9347355873569062,0.517691124720793,0.5979753202807746,0.24878879911021182,0.7505367166074728,0.33036802846350166,0.6847305550043913,0.33940758188500214,10.72476174858166
boundary_search,71,3,0.3490120985171615,0.6542851517925985,0.25261303133042873,0.15175435929425046,77.6511344674326,0.14619701195470322,0.08177529950411035,1.3491539081805168,2.1001089763598477,1.0314552257567948,0.20752685939476712,0.0,0.906326685822601,5.801397888612873,0.38249674106114795,0.4533344475601456,0.5694898051258765,0.6213740063095956,-0.004456477827931682,-0.5565685309273632,0.9884379055154952,0.6059411644543472,0.6103976422822789,0.15706319472213326,0.8251158937223648,0.2556260885964883,0.8121946195238515,0.19082061321425595,16.26836416373056
boundary_search,72,3,0.9169462203572051,0.8168441693478788,0.8677691753218242,4.069761258925272,0.11826345926276449,0.4640834080485824,0.14730550958540653,6.318326481019422,0.17909649051332777,1.9469024884815742,0.07461320537871054,0.0,0.7800479724742865,0.2382152089639909,0.019991795287320535,0.016461948128907333,0.06067735532690821,0.040415557321945295,0.3805508755245491,-0.029719687385582616,0.7798823888756727,0.7598905935883522,0.3793397180638031,0.3628777699348958,0.5504219966548446,0.4897446413279364,0.519464328713519,0.4790487713915737,2.7155839478782116
boundary_search,73,3,0.31286284561728184,0.9120189430490303,0.88705830077193,3.856629999165603,33.48628355099534,0.3248398185514454,0.08276309233373459,0.5240850401932511,19.292934545949564,1.2265608027201322,0.03928382055782116,0.0,0.25056864446577604,0.6755549714374367,0.11340043762404672,0.01266959027117609,0.08331225297144174,0.10070809354319388,0.33941396889521885,-0.07676434962348522,0.8292807022991934,0.7158802646751466,0.3764662957799278,0.3637967055087517,0.5580985670615184,0.47478631409007666,0.5515506637135619,0.450842570170368,1.0560561864447187
boundary_search,74,3,0.5533444978496009,0.7197965933162251,0.11199984229814784,18.739959432948435,0.611136206363391,0.44337936972862535,5.689580300789869,0.28835459416369397,0.3697986329391072,3.007237975014458,0.12385149210635715,0.0,0.4723348199372731,0.7920001190806684,0.022172322398737787,-0.0051971974316984415,0.08777315978352968,0.043310282065680106,0.38764141368875776,-0.04412176744326163,0.7830482027248332,0.7608758803260954,0.36803726920563923,0.37323446663733767,0.5654254515998458,0.47765229181631613,0.5217740592595778,0.47846377719389765,2.425459887711236
boundary_search,75,3,0.989346324684834,0.778967070594446,0.19924361578906954,0.46201785365672654,1.7804185843376208,0.6203553413936652,4.830727727388105,0.28405909549951214,16.728208150556103,1.0118303735308731,0.10581151478400436,0.0,0.5071965039442999,0.21929423775786872,0.4365064143938453,0.41861043978286416,0.4498109569233891,0.47550753631482,-0.03950999137994482,-0.408050395866954,0.9996697786019036,0.5631633642080583,0.6026733555880032,0.18406291580513903,0.7670750569944319,0.3172641000710428,0.7253144959379968,0.2498069596231768,14.01164275645962
boundary_search,76,3,0.42491910139256495,0.0852916603380115,0.12537375885125082,0.1222789948264848,11.458605301109925,0.2973171968044871,15.650233257518023,3.9753843357454373,0.2701034134209958,4.12622339148174,0.17518437101398057,0.0,0.7539839247763304,2.6315438541935325,0.07715085366936891,0.09308539370172902,0.14580654985222374,0.1386705129652432,0.3051104218159852,-0.12128773446832053,0.8062019573867714,0.7290511037174024,0.42394068190141726,0.33085528819968824,0.5952221297560946,0.4494155799038708,0.5707033143721914,0.43203280140694816,1.320766659032031
boundary_search,77,3,0.14351104603484885,0.8840319734020587,0.785423985689138,0.10340261377400599,5.1178939322722234,0.7672663364144351,1.7727220400498696,0.05140564566962117,1.262252972471376,2.5458095751116128,0.14417328989911557,0.0,0.1370290993497012,0.10664040996970812,0.12032303292500346,-0.010440291787840783,0.12390127557476888,0.1233141739411574,0.33647832504816744,-0.1159754940063546,0.8359160599739928,0.7155930270489893,0.3686744102129811,0.37911470200082187,0.57955286534209,0.4556515897673212,0.5716270837736758,0.44831290983251837,0.6162151544521084
boundary_search,78,3,0.0697817002069471,0.3512527782595779,0.01390332795093229,6.436630880563066,0.20377453868425852,0.3373047441195541,10.790077095349329,4.529135126693551,0.9247812911901218,1.1378374012690278,0.19033210628631936,0.0,0.28475908311054265,1.6861040833949457,0.11592439856184156,0.05967195224825683,0.13531029705987557,0.16283963086377634,0.3129069286055471,-0.12543192297514333,0.835515954972882,0.7195915564110404,0.40668462780549336,0.3470126755572365,0.5875425466556886,0.45223224959581304,0.5776641725709564,0.41482454170718003,0.5335947073551682
boundary_search,79,3,0.860545352398713,0.33980689893307797,0.9025793939923092,37.91893556224203,47.21505568040043,0.18108879410091946,1.5979796782597477,1.523342812367901,3.8651218628902764,5.988507095826639,0.133918771567363,0.0,0.08628770935545681,0.506094608956872,0.054466757947873146,0.02581456323203285,0.10444989403415667,0.0622246588310717,0.3585140942350814,-0.060506357321221615,0.7996753221132645,0.7452085641653914,0.38669446993031,0.36087990669827713,0.5733826579035897,0.468932763869433,0.5294391211906546,0.4672144623595829,2.0662775525536743
boundary_search,80,3,0.29348743631213375,0.47259455922164884,0.575165891581783,31.527663827659545,0.41759150476565854,0.5010794655982713,0.180997896740203,1.1060389682651746,14.107351528549474,8.786433358206358,0.112751132608015,0.0,0.523397190265449,0.26471982149690465,0.11741527559627829,0.019161943634236733,0.13701436193169736,0.03083368111401802,0.3473472920503761,-0.07144389649559013,0.8395929075777531,0.7221776319814748,0.37483033993109866,0.3556683962968619,0.5883785832771345,0.4513642213454372,0.5228081178410273,0.4919744367270093,3.073735371504367
boundary_search,81,3,0.39282501154286203,0.5272398538341667,0.21032554077158833,1.4591804083263746,20.440576113740843,0.5634696582082884,11.863703369075429,6.6860576009834745,15.064567994657144,6.17516863038166,0.14684353923284396,0.0,0.21710730502220163,4.557258407310882,nan,nan,1.773381421342492,1.4667472655541804,nan,-1.5377298185209696,nan,nan,nan,nan,1.4938515573740005,-0.27952986396849155,1.258199954552478,-0.20854731100170235,1000000.0
boundary_search,82,3,0.534381366618737,0.8474698236021481,0.48493550703269805,0.24941376255813058,7.205344485463534,0.137748345871884,7.394220007278367,0.4784940609725156,0.14149981395976505,1.0593687450309588,0.2107297643085146,0.0,0.7322115313824293,0.8850844141845531,0.053975756231107175,0.05614104942345105,0.10359905317033596,0.08548790961503977,0.3471623283480049,-0.07446218906950791,0.8016789918275256,0.7477032355964184,0.40054090724841346,0.3443998578249624,0.5723790824658385,0.4687800292955025,0.5432422183650104,0.45775430874997064,1.8585204863127032
boundary_search,83,3,0.8876303019955658,0.052544452063204725,0.9158585380703029,13.036521325298041,1.76621978724226,0.333764555962649,9.171598562067183,0.16804783008659235,2.0422365114592624,1.0926665736820296,0.08881399877744185,0.0,0.17685989219115567,2.7862972671017916,0.18451475155980956,0.14856771698319599,0.21892462878512509,0.20728789998592173,0.22381200337488405,-0.1910896620446645,0.8684037080720851,0.6838889565122755,0.4600769531373915,0.3115092361541955,0.6350851475542999,0.4161605187691748,0.6072501808138393,0.39996228082791757,1.4240252459907552
boundary_search,84,3,0.733065234148709,0.8045970834563742,0.6021897975919245,0.8564448260455592,54.60205077769401,0.5484438114904439,0.08910210766976297,2.383753150653438,0.8758398454408299,8.013262203557336,0.009761006661561678,0.0,0.8601326479353291,0.199506466360238,0.03291964820144988,0.04747378512432704,0.05084035404051013,-0.0039092826436420425,0.35530917858704925,-0.004507837216614852,0.788308795345457,0.7553891471440071,0.4000799685569578,0.3526061834326308,0.5390512648491973,0.48821091080868717,0.48880946538166,0.492718748025302,4.451874892110995
boundary_search,85,3,0.19833044700383973,0.9779810187261767,0.4438257148670637,0.7699251216893933,0.23843567755751885,0.6932442628782906,0.37595688523563975,3.5543559663598274,1.1819313796403597,5.870686386146982,0.02994072922667612,0.0,0.43304587502191955,6.537379378165304,0.20701650899565338,0.10132427554804291,0.15481327689791985,0.09639032756738164,0.16822752352240256,-0.1015112543735947,0.8176429565799864,0.610626447584333,0.4423989240619305,0.3410746485138876,0.6026608908646985,0.4478476139667787,0.5493588683403734,0.45296854077299176,2.020591540680058
boundary_search,86,3,0.2586193805863589,0.9442428602184653,0.18925419786416547,80.46904752266722,2.3177318832929164,0.30863718887141717,2.7289172951485385,0.09078351078786452,1.0719346234954965,4.298120479155272,0.19474975480865703,0.0,0.11130871084276453,0.317788591389932,0.03447904535814339,0.02340829941002942,0.08797584988765028,0.036080657185888654,0.37123997724541513,-0.042093075689320525,0.7887623900253522,0.7542833446672088,0.3830433674217937,0.35963506801176426,0.5654187784775307,0.47744292858988047,0.519536004279201,0.48345534709331234,2.8361461447758307
boundary_search,87,3,0.7915458736875296,0.3997678931579876,0.7096344244119908,6.740965419051051,40.374630697278484,0.19928950975247475,0.06703680107031035,0.7302047709343692,4.656127956231954,1.7489529911114918,0.019739654009277057,0.0,0.23451702557362847,0.3012448755003999,0.04957542220424671,0.027344616270918165,0.10323314594202915,0.012776846378600493,0.3679372567781492,-0.03413037202737634,0.801893623251664,0.7523182010474173,0.3843809442692681,0.35703632799834994,0.5740666454167742,0.47083349947474507,0.5049638715021214,0.4921870251235209,3.775031655955854
boundary_search,88,3,0.6501382385689557,0.3163244660611863,0.45848592977135516,4.798824045385474,0.5668608315614679,0.2747637028476278,0.8845746099068704,0.09597444925089081,0.42712879747477916,1.3874426547664174,0.1974632579273001,0.0,0.06683003016240763,0.21233825351064847,0.028528135073812466,0.02018599185210307,0.07578524055057445,0.043026116701137096,0.37407821181573364,-0.03714129046880099,0.7848030465998148,0.7562749115260023,0.3821966997102687,0.36201070785816564,0.5597652430695138,0.48398000251893936,0.5211212929877403,0.47809517628660325,2.612515666638138
boundary_search,89,3,0.5980521220039425,0.15016642138856692,0.37612991441651683,0.15802167265723363,0.2872214622831276,0.6625317957501042,10.614700049409164,7.8665229725272985,0.5864994180135552,4.393832069377673,0.03343777615911035,0.0,0.14916897050743136,9.688242505205212,0.035213925079197406,0.053422596550693646,0.08280527491220518,0.09677519737497758,0.34534649346268886,-0.07230362803430151,0.7866522160015608,0.7514382909223634,0.4060917974596745,0.35266920090898085,0.5606155679806283,0.4778102930684231,0.5501139211027246,0.45333872372774703,1.8545457755139252
boundary_search,90,3,0.2780932154570984,0.9844702524267821,0.30513860574396795,0.905046943943962,1.164184595753212,0.27908180567046287,8.262345581226963,17.51009523457091,2.3773005391391835,3.522114317028085,0.08158908301714236,0.0,0.5483330565703486,0.15786758240682647,0.14985281925060245,0.006338110625572324,0.11349409063787835,0.07814621217058682,0.33418069072496637,-0.0723604986346082,0.8570840891058508,0.7072312698552483,0.37305057913028195,0.3667124685047096,0.5796737167984247,0.46617962616054637,0.5385401247951546,0.46039391262456775,1.115441157902252
boundary_search,91,3,0.29826423704813726,0.3041085185992453,0.38530401384270707,9.577456487341948,38.317183808659,0.9821368744354613,6.255113736197002,0.20475395765988716,8.273775546321142,8.620282013797695,0.1689681088803208,0.0,0.16503321309024455,1.738819649652751,1.0550059918559302,0.3416999515366594,0.6860579647319881,0.2907925720577815,-0.7536104036446073,-0.44402192268324525,0.9384422224799269,-0.11656376937600343,0.6370466342686039,0.2953466827319445,0.8970277256479389,0.21096976091595074,0.654991683599196,0.36419911154141454,40.12452081056511
boundary_search,92,3,0.8427948403000457,0.4888702722411615,0.6870348905049277,0.7414219390008678,92.73394804635801,0.4140317865742793,0.48510830186553344,9.832591231944582,9.460007142698556,1.1965628424812138,0.02415635412089901,0.0,0.5751133164189441,0.9305109089740189,0.10109840313854968,0.10438689626263165,0.13650124512710848,0.05314516975838496,0.3180307749364721,-0.06355147596791777,0.8321782517688054,0.7310798486302558,0.4130490736937837,0.30866217743115204,0.5865629989849893,0.45006175385788083,0.5136132298257986,0.46046806006741364,3.785246217095069
boundary_search,93,3,0.34176974803466026,0.024383433269730782,0.33232144878969944,0.3642927548512316,44.981965407611945,0.9431822742737739,0.7851450044612841,0.24848417362416572,0.3423165387149389,1.3282365832983714,0.15646835191790173,0.0,0.4922751135033423,1.0091280233871847,0.007450777351071913,0.018289232675574363,0.12302800824277499,0.06665231537465988,0.3818045313421049,-0.0698376840813772,0.7719864052181181,0.7645356278670462,0.3827310965249413,0.36444186384936694,0.5859711451553985,0.4629431369126235,0.5327808209940007,0.4661285056193408,2.310875103171616
boundary_search,94,3,0.5664747053476102,0.9187482268262888,0.21928817402514306,23.965357865595443,0.13115649764712972,0.381802334339535,0.2000729054092728,2.5795025858630227,0.15817571005081288,1.6849886207975544,0.06136230209932315,0.0,0.8706263979099796,1.380228816379147,0.027402007266094763,0.020629805757811204,0.06633676113070625,0.042907656194936306,0.37465160090084143,-0.03425086296996788,0.7832585408499366,0.7558565335838419,0.38120493268300043,0.3605751269251892,0.5537153909375009,0.48737862980679464,0.5216294927767625,0.4787218365818262,2.636306693793991
boundary_search,95,3,0.8296952357615228,0.3332747648116402,0.7555834492142511,0.17413726613835045,21.971694411429088,0.8432792222907272,1.1170024117146906,3.411298311329646,2.323900448573221,1.880418936136945,0.0362380979321388,0.0,0.240936536279306,3.3266099724739084,0.17195465876475757,0.1595036995254065,0.23927222363846862,0.12965069305592847,0.20498560741543775,-0.15414674207568163,0.8449797709717562,0.6730251122069987,0.4680395047915609,0.30853580526615443,0.6406053158111478,0.40133309217267915,0.5554798342483608,0.4258291411924323,4.0596259108322315
boundary_search,96,3,0.3724306906982383,0.5086709919569813,0.3157938693928716,52.857813019662146,2.616461558772598,0.8950112453736735,0.5557743356033892,0.10752180868793057,1.6688969767231507,2.213691191545937,0.0409680809795859,0.0,0.7973591976323169,0.5528234816461222,0.020875377482489466,-8.935324455561222e-05,0.061051597444977845,0.029761360566082806,0.38941570219436766,-0.025357464512221928,0.7816304019407222,0.7607550244582327,0.37124996901930946,0.37133932226386507,0.5505211469288426,0.48946954948386473,0.5148270139960867,0.48506565343000385,2.7866702680429496
boundary_search,97,3,0.7111875705597457,0.9996314893625161,0.2928890261155711,1.7623749858435893,100.0,0.26851574673031786,0.26464086399595427,0.5348269047902438,0.4438012418928167,5.85173631868736,0.10272561198940212,0.0,0.18569801833284375,1.152919557379982,0.06987078654530798,0.0494231180238881,0.12992281883979517,0.07114242913054408,0.3418857750825976,-0.07378813014120655,0.8121772925124356,0.7423065059671277,0.40042073088453006,0.35099761286064196,0.5875261324568113,0.4576033136170161,0.5313914437582227,0.4602490146276786,2.1339099755597277
boundary_search,98,3,0.9229417423437756,0.9999032326450535,0.16242378269636762,1.7364985910100694,95.43416056086156,0.15488737436770605,1.3516244512608389,0.22648697083555422,3.372112397256453,2.420864644335505,0.16656183457836285,0.0,0.03932034408292537,6.040224514382649,1.4956906135822032,0.944908047683145,1.22700899437462,1.228682147707188,-1.4840011882448667,-1.185822077781746,1.0694983880859676,-0.42619222549623564,1.0578089627486311,0.11290091506548618,1.191065207908028,-0.035943786466592235,1.149878291315154,-0.07880385639203412,135.14252954861018
boundary_search,99,3,0.1273393148445022,0.9998336824032684,0.7378265519834108,1.1161996009537267,59.923880754472826,0.5216957687059816,0.4607366811422846,0.9254505463453904,10.097062581630253,1.0,0.05072421904585344,0.0,0.11837476492760138,1.7819952517021584,0.2510023274900097,0.1885053146091339,0.27211975953296613,0.2597093376772184,0.18687424990103435,-0.2489593779472144,0.9229216854529161,0.6719193579629064,0.485045108061872,0.2965397934527381,0.6661330169851059,0.3940132574521397,0.6429726353993541,0.38326329772213574,2.209721007034832
boundary_search,100,3,0.480823704182172,0.9993294178320935,0.38788484672397616,2.487373296116196,49.617047282497474,0.494071431727441,1.164204227286735,2.5769881104106114,1.496978340660266,2.80423106337045,0.07416203608367672,0.0,0.3274366289603657,8.050946261775549,0.31197438408669675,0.12716296552925516,0.29245057839312055,0.22028320684024183,0.12750490215656007,-0.22339403993866752,0.8932457315294366,0.5812713474427399,0.4537664452861798,0.32660347975692466,0.6747197878645047,0.38226920947138415,0.6056632494100517,0.38538004256980984,1.260016696546266
boundary_search,101,3,0.9159979087880206,0.9999255090877718,0.12164831586479162,13.11199138989713,74.31890855696834,0.1398625895062758,0.2189751138250622,0.5555050393167189,1.9351923773944968,1.8156600542271428,0.05183223992570837,0.0,0.023982491407301538,3.6135992165380926,0.12444155967157133,0.079837914464358,0.1514452108132996,0.057864486383837954,0.30417676691554096,-0.09575379012446655,0.8475976345178328,0.7231560748462614,0.41897930793072047,0.33914139346636246,0.5962521905863756,0.444806979773076,0.5405607698975425,0.4826962835137046,3.09544407873392
boundary_search,102,3,0.6239825506100928,0.9999729771011161,0.05878046522676094,6.945008063907727,100.0,0.13786061442359443,1.1141723532199932,0.13318412866130572,0.5083255794743882,5.6385855363118695,0.021556139933565595,0.0,0.071895852512891,8.514160339573516,0.01713837512254124,0.06633787602186203,0.037663371155136516,0.07375734864035627,0.35688085871209435,-0.046142920104198626,0.7870654862337304,0.7699271111111892,0.4130462523990948,0.3467083763772328,0.5354539877489993,0.4977906165938628,0.5439335366980614,0.47017618805770517,2.855065204621534
boundary_search,103,3,0.8662464348730586,0.9999517480165477,0.04433678381997617,23.401194942888146,44.39480137515099,0.3920315519910012,0.3266580008736366,0.670041699962665,5.176204457423091,5.283850194880536,0.10241204505358013,0.0,0.12033281158216877,1.093701061755925,1.0113744315152104,0.2207632995406656,0.7676271570258234,0.4259849285682369,-0.5962719286448862,-0.5576766438684181,0.9553040562099532,-0.056070375305257346,0.5402015533396288,0.31943825379896323,0.9407104425328342,0.1730832855070108,0.7307599293754289,0.304775000807192,23.476456995795388
boundary_search,104,3,0.2584666647081763,0.9999584324255996,0.3509113876335184,10.101633956023921,100.0,0.10431342899281251,1.7699689891149566,1.0745232400921063,3.521895988499157,1.7263403461677438,0.19541494628736053,0.0,0.08936936838905474,10.0,0.9535704071106585,0.5041675879742558,0.9161624927318802,0.8254976325031175,-0.4586259805487077,-0.8328489558035999,1.176563385530914,0.22299297842025562,0.6816189589689633,0.17745137099470748,1.0239964947104454,0.1078340019785652,0.940682957782165,0.11518532527904761,26.70727623552203
boundary_search,105,3,0.486532181534945,0.9997514560637992,0.03468778631762634,16.965313303094185,67.57055381762133,0.13635980475950252,0.5611322772752886,3.7188676218442542,3.2102688209983534,1.0944366038025923,0.052539627137695555,0.0,0.025639531261040155,2.2085096319189894,0.09614488541295652,0.09771044897895892,0.18636069356120732,0.13427958108092608,0.3056954953966564,-0.1381115276660574,0.82973453892689,0.7335896535139335,0.42789415811727705,0.3301837091383181,0.6224946889193043,0.43613399535809694,0.5742455230241543,0.43996594194322824,1.5620925567850212
boundary_search,106,3,0.7207982455478308,0.9999150525202579,0.10126675424440613,36.623611810712156,35.29270461250168,0.07005730866089398,2.254541550505003,1.20054721579289,0.5856663850798302,1.9360423041063834,0.05519243655819142,0.0,0.09956524759824045,0.7341158652323859,0.010555435511234501,0.035354647405543616,0.06046061693249566,0.04101068359848703,0.3777306005358696,-0.036162599872209544,0.7784986420975704,0.7679432065863359,0.39021260605046626,0.35485795864492264,0.5505965476561534,0.49013593072365774,0.5262985305958673,0.48528784699738026,2.999898230999635
boundary_search,107,3,0.7620365757003401,0.9990969691221282,0.02354980398094428,7.587134668312039,100.0,0.12304167604367404,1.1194215627409732,1.4458084352281546,0.284227616227927,3.74572517815259,0.07727519979704181,0.0,0.012515037876121389,2.0035860970092236,0.004843700530105521,0.03218822426309714,0.09838743456241084,0.03139201179146772,0.38424292098926865,-0.038358324107799824,0.7771128851822332,0.7722691846521277,0.38802626366285903,0.3558380393997619,0.5721379097207988,0.473750475158388,0.5121087992661878,0.4807167874747201,3.3899529665405823
boundary_refine,0,20,0.0697817002069471,0.3512527782595779,0.01390332795093229,6.436630880563066,0.20377453868425852,0.3373047441195541,10.790077095349329,4.529135126693551,0.9247812911901218,1.1378374012690278,0.19033210628631936,0.0,0.28475908311054265,1.6861040833949457,0.11952420794650132,0.09347972558737783,0.11603957232038836,0.14448254898582635,0.2993061498211893,-0.11129950896199597,0.842309392596546,0.7227851846500447,0.4234790348288554,0.3299993092414776,0.5793566838715618,0.46331711155117344,0.5746166205131694,0.43013407152734306,1.15029524473648
boundary_refine,1,20,0.14351104603484885,0.8840319734020587,0.785423985689138,0.10340261377400599,5.1178939322722234,0.7672663364144351,1.7727220400498696,0.05140564566962117,1.262252972471376,2.5458095751116128,0.14417328989911557,0.0,0.1370290993497012,0.10664040996970812,0.15354365286858462,0.05295228833136589,0.09971601105491185,0.0534023969973389,0.2951892090128048,-0.06230068271734607,0.8528805771156361,0.6993369242470515,0.4041477152342467,0.3511954269028808,0.5686963729462341,0.46898036189132225,0.5312810446086683,0.4778786476113294,2.146928862366645
boundary_refine,2,20,0.9460629354314493,0.6362076095387273,0.6148312179139462,27.52012932669144,0.17597599585577275,0.11217566231084548,14.816132906703174,0.3064613983948485,18.114160719899015,1.6411582832144558,0.07668452851490401,0.0,0.20203359974471102,0.37545206719205293,0.12347543425858021,0.03497566365465321,0.051670977404635166,0.10257139708846807,0.3219807644215364,-0.06569941861456946,0.839239265965788,0.7157638317072078,0.3937830672856714,0.3588074036310182,0.5436031481153086,0.49193217071067347,0.5576315893252429,0.45506019223677485,1.3452796041587594
boundary_refine,3,20,0.31286284561728184,0.9120189430490303,0.88705830077193,3.856629999165603,33.48628355099534,0.3248398185514454,0.08276309233373459,0.5240850401932511,19.292934545949564,1.2265608027201322,0.03928382055782116,0.0,0.25056864446577604,0.6755549714374367,0.10316559324335117,0.03360303531946174,0.07056499504190128,0.08522099993608301,0.3352884059192882,-0.05958063302463601,0.8320042177740681,0.7288386245307169,0.3935502186114287,0.35994718329196695,0.5553701120477758,0.4848051170058745,0.5443857500305105,0.4591647500944275,1.523335356055686
boundary_refine,4,20,0.2753612830723127,0.9370253658388502,0.5478109228631282,0.2949730144274134,0.267586363837354,0.22622291734496885,0.10904795508581268,1.0187925682621715,3.2431022973677406,2.443838246582084,0.021446184146564757,0.0,0.6031469350442108,1.4345863096063893,0.2503280257316012,0.12093249512346166,0.18568263088941178,0.13700673714782552,0.1186469677639635,-0.14008826408596514,0.8256414187581915,0.5753133930265903,0.45666642526262685,0.3357339301391652,0.6186320801314554,0.43294944924204365,0.5730377133280088,0.43603097618018327,1.6415649895890065
boundary_refine,5,20,0.2780932154570984,0.9844702524267821,0.30513860574396795,0.905046943943962,1.164184595753212,0.27908180567046287,8.262345581226963,17.51009523457091,2.3773005391391835,3.522114317028085,0.08158908301714236,0.0,0.5483330565703486,0.15786758240682647,0.11121779248902675,0.03639724603118866,0.10568068879901571,0.0639593059099034,0.32934766000528864,-0.06676688113887053,0.8344036944602665,0.7231859019712398,0.39383824196595113,0.3574409959347625,0.5737685169289378,0.4680878281299221,0.5348547092687926,0.47089540335888924,1.8335843223077408
boundary_refine,6,20,0.480823704182172,0.9993294178320935,0.38788484672397616,2.487373296116196,49.617047282497474,0.494071431727441,1.164204227286735,2.5769881104106114,1.496978340660266,2.80423106337045,0.07416203608367672,0.0,0.3274366289603657,8.050946261775549,0.365134290223451,0.15791157713944187,0.2651721957495044,0.2231523985729406,0.06603505496719952,-0.21953473220530312,0.9042060716371787,0.5390717814137277,0.47303672644652817,0.3151251493070863,0.6629892468856844,0.39781705113618,0.6173517833414831,0.3941993847685425,1.6603513324933734
boundary_refine,7,20,0.42491910139256495,0.0852916603380115,0.12537375885125082,0.1222789948264848,11.458605301109925,0.2973171968044871,15.650233257518023,3.9753843357454373,0.2701034134209958,4.12622339148174,0.17518437101398057,0.0,0.7539839247763304,2.6315438541935325,0.1469333873767602,0.08958608423678305,0.12856324403669295,0.1146864604793097,0.2803251473233103,-0.09791773577269758,0.8504901140143997,0.7035567266376395,0.42323157931432914,0.3336454950775461,0.5886771169576892,0.46011387292099626,0.5580316086936938,0.44334514821438414,1.348795798770744
boundary_finalist,0,80,0.0697817002069471,0.3512527782595779,0.01390332795093229,6.436630880563066,0.20377453868425852,0.3373047441195541,10.790077095349329,4.529135126693551,0.9247812911901218,1.1378374012690278,0.19033210628631936,0.0,0.28475908311054265,1.6861040833949457,0.11570860414251094,0.09179553177550825,0.12360535248329763,0.1250456704414989,0.3020181684742535,-0.10696117832374419,0.8411536091252377,0.7254450049827268,0.4234268365084733,0.33163130473296504,0.582686816293158,0.45908146380986037,0.5660426421336046,0.44099697169210567,1.3553921926143333
boundary_finalist,1,80,0.9460629354314493,0.6362076095387273,0.6148312179139462,27.52012932669144,0.17597599585577275,0.11217566231084548,14.816132906703174,0.3064613983948485,18.114160719899015,1.6411582832144558,0.07668452851490401,0.0,0.20203359974471102,0.37545206719205293,0.11746990229738385,0.04249635011288583,0.07685101472184452,0.08492466655412784,0.3229912079895209,-0.0670706657570247,0.8394272498002178,0.7219573475028339,0.398966139513313,0.3564697894004272,0.5584046730379525,0.48155365831610797,0.5486243240731327,0.4636996575190048,1.5055240680394597
boundary_validation,0,200,0.0697817002069471,0.3512527782595779,0.01390332795093229,6.436630880563066,0.20377453868425852,0.3373047441195541,10.790077095349329,4.529135126693551,0.9247812911901218,1.1378374012690278,0.19033210628631936,0.0,0.28475908311054265,1.6861040833949457,0.1356237850789177,0.09887568020693788,0.11854563426152853,0.12158623650228906,0.28845313049264637,-0.10213106156841512,0.8509942328459338,0.7153704477670161,0.4269173172743697,0.32804163706743183,0.5806247798823997,0.46207914562087116,0.5642102071892863,0.4426239706869972,1.4878978740144413
